-- ============================================
-- NSL-IIP Sample Data for Testing
-- Created: 2026-03-23
-- Run in Supabase SQL Editor
-- ============================================
-- Covers 15 months of transactions (Jan 2025 – Mar 2026)
-- Tests: ABC Analysis, Slow Moving, Turnover,
--        Stock Alerts, Reorder, Goods in Transit
-- ============================================
-- Expected Stock Summary (as of 2026-03-23):
--   FG-0001  → 15,800 KG  (warning: below reorder)
--   FG-0002  →  7,800 KG  (normal)
--   FG-0003  → 24,500 KG  (overstock, slow-moving ~179 days)
--   RM-1001  → 65,000 KG  (normal)
--   RM-1002  → 27,500 KG  (normal)
--   RM-1003  → 18,000 KG  (normal)
--   RM-1004  →  6,200 KG  (warning, dead-stock ~276 days)
--   PKG-001  → 132,000 EA (normal)
--   PKG-002  →  82,000 EA (normal)
--   PKG-003  →  10,800 EA (critical, dead-stock ~213 days)
-- ============================================

-- ─────────────────────────────────────────────────────────────────────────────
-- STEP 1: Items
-- ─────────────────────────────────────────────────────────────────────────────
INSERT INTO items (item_code, itemname, foreign_name, uom, std_cost, moving_avg, group_code, is_active)
VALUES
  ('FG-0001', 'น้ำปลาทิพรส 200ml',     'Fish Sauce 200ml',        'KG',  45.00,  47.50, 123, TRUE),
  ('FG-0002', 'น้ำปลาทิพรส 700ml',     'Fish Sauce 700ml',        'KG',  38.00,  40.00, 123, TRUE),
  ('FG-0003', 'ซอสพริก 330ml',         'Sweet Chili Sauce 330ml', 'KG',  55.00,  58.00, 123, TRUE),
  ('RM-1001', 'ปลาหมักดิบ',            'Fermented Fish',          'KG',  12.00,  13.50, 125, TRUE),
  ('RM-1002', 'เกลือทะเล',            'Sea Salt',                'KG',   8.00,   8.50, 125, TRUE),
  ('RM-1003', 'น้ำตาลทราย',           'Cane Sugar',              'KG',  22.00,  23.00, 125, TRUE),
  ('RM-1004', 'พริกแห้ง',             'Dried Chili',             'KG',  65.00,  68.00, 125, TRUE),
  ('PKG-001', 'ขวด PET 200ml',         'PET Bottle 200ml',        'EA',   3.50,   3.80, 127, TRUE),
  ('PKG-002', 'ขวด PET 700ml',         'PET Bottle 700ml',        'EA',   6.50,   7.00, 127, TRUE),
  ('PKG-003', 'กล่องกระดาษ 12 ขวด',   'Carton Box 12 bottles',   'EA',  18.00,  19.00, 127, TRUE)
ON CONFLICT (item_code) DO UPDATE SET
  itemname     = EXCLUDED.itemname,
  foreign_name = EXCLUDED.foreign_name,
  uom          = EXCLUDED.uom,
  std_cost     = EXCLUDED.std_cost,
  moving_avg   = EXCLUDED.moving_avg,
  group_code   = EXCLUDED.group_code,
  is_active    = EXCLUDED.is_active,
  updated_at   = NOW();

-- ─────────────────────────────────────────────────────────────────────────────
-- STEP 2: Opening Balances (2025-01-01)
-- trans_type=0 (Opening), direction='Opening', doc_line_num=-1
-- ─────────────────────────────────────────────────────────────────────────────
INSERT INTO inventory_transactions
  (trans_num, doc_date, trans_type, warehouse, group_code, doc_line_num,
   item_code, in_qty, out_qty, balance_qty, amount, direction)
VALUES
  (10001, '2025-01-01', 0, 'FS-FG01', 123, -1, 'FG-0001',  5000.0000, 0, 0,  237500.00, 'Opening'),
  (10002, '2025-01-01', 0, 'FS-FG01', 123, -1, 'FG-0002',  3000.0000, 0, 0,  120000.00, 'Opening'),
  (10003, '2025-01-01', 0, 'FS-FG01', 123, -1, 'FG-0003',  2000.0000, 0, 0,  116000.00, 'Opening'),
  (10004, '2025-01-01', 0, 'FS-RM01', 125, -1, 'RM-1001', 50000.0000, 0, 0,  675000.00, 'Opening'),
  (10005, '2025-01-01', 0, 'FS-RM01', 125, -1, 'RM-1002', 20000.0000, 0, 0,  170000.00, 'Opening'),
  (10006, '2025-01-01', 0, 'FS-RM01', 125, -1, 'RM-1003', 15000.0000, 0, 0,  345000.00, 'Opening'),
  (10007, '2025-01-01', 0, 'FS-RM01', 125, -1, 'RM-1004',  5000.0000, 0, 0,  340000.00, 'Opening'),
  (10008, '2025-01-01', 0, 'FS-PK01', 127, -1, 'PKG-001',100000.0000, 0, 0,  380000.00, 'Opening'),
  (10009, '2025-01-01', 0, 'FS-PK01', 127, -1, 'PKG-002', 50000.0000, 0, 0,  350000.00, 'Opening'),
  (10010, '2025-01-01', 0, 'FS-PK01', 127, -1, 'PKG-003', 10000.0000, 0, 0,  190000.00, 'Opening')
ON CONFLICT (trans_num, item_code, doc_line_num) DO NOTHING;

-- ─────────────────────────────────────────────────────────────────────────────
-- STEP 3: FG Production — Goods Receipt (trans_type=59, direction='In')
-- Warehouse: FS-FG01  |  FG-0001: 8000/mo  |  FG-0002: 5000/mo  |  FG-0003: 3000/mo (stops Sep 2025)
-- Trans# format: 22{month:02d}{item_index}  e.g. 22011 = month-01, FG-0001
-- ─────────────────────────────────────────────────────────────────────────────
INSERT INTO inventory_transactions
  (trans_num, doc_date, trans_type, warehouse, group_code, doc_line_num,
   item_code, in_qty, out_qty, balance_qty, amount, direction)
VALUES
  -- 2025-01
  (22011, '2025-01-05', 59, 'FS-FG01', 123, 0, 'FG-0001', 8000, 0, 0, 380000.00, 'In'),
  (22012, '2025-01-05', 59, 'FS-FG01', 123, 0, 'FG-0002', 5000, 0, 0, 200000.00, 'In'),
  (22013, '2025-01-05', 59, 'FS-FG01', 123, 0, 'FG-0003', 3000, 0, 0, 174000.00, 'In'),
  -- 2025-02
  (22021, '2025-02-05', 59, 'FS-FG01', 123, 0, 'FG-0001', 8000, 0, 0, 380000.00, 'In'),
  (22022, '2025-02-05', 59, 'FS-FG01', 123, 0, 'FG-0002', 5000, 0, 0, 200000.00, 'In'),
  (22023, '2025-02-05', 59, 'FS-FG01', 123, 0, 'FG-0003', 3000, 0, 0, 174000.00, 'In'),
  -- 2025-03
  (22031, '2025-03-05', 59, 'FS-FG01', 123, 0, 'FG-0001', 8000, 0, 0, 380000.00, 'In'),
  (22032, '2025-03-05', 59, 'FS-FG01', 123, 0, 'FG-0002', 5000, 0, 0, 200000.00, 'In'),
  (22033, '2025-03-05', 59, 'FS-FG01', 123, 0, 'FG-0003', 3000, 0, 0, 174000.00, 'In'),
  -- 2025-04
  (22041, '2025-04-05', 59, 'FS-FG01', 123, 0, 'FG-0001', 8000, 0, 0, 380000.00, 'In'),
  (22042, '2025-04-05', 59, 'FS-FG01', 123, 0, 'FG-0002', 5000, 0, 0, 200000.00, 'In'),
  (22043, '2025-04-05', 59, 'FS-FG01', 123, 0, 'FG-0003', 3000, 0, 0, 174000.00, 'In'),
  -- 2025-05
  (22051, '2025-05-05', 59, 'FS-FG01', 123, 0, 'FG-0001', 8000, 0, 0, 380000.00, 'In'),
  (22052, '2025-05-05', 59, 'FS-FG01', 123, 0, 'FG-0002', 5000, 0, 0, 200000.00, 'In'),
  (22053, '2025-05-05', 59, 'FS-FG01', 123, 0, 'FG-0003', 3000, 0, 0, 174000.00, 'In'),
  -- 2025-06
  (22061, '2025-06-05', 59, 'FS-FG01', 123, 0, 'FG-0001', 8000, 0, 0, 380000.00, 'In'),
  (22062, '2025-06-05', 59, 'FS-FG01', 123, 0, 'FG-0002', 5000, 0, 0, 200000.00, 'In'),
  (22063, '2025-06-05', 59, 'FS-FG01', 123, 0, 'FG-0003', 3000, 0, 0, 174000.00, 'In'),
  -- 2025-07
  (22071, '2025-07-05', 59, 'FS-FG01', 123, 0, 'FG-0001', 8000, 0, 0, 380000.00, 'In'),
  (22072, '2025-07-05', 59, 'FS-FG01', 123, 0, 'FG-0002', 5000, 0, 0, 200000.00, 'In'),
  (22073, '2025-07-05', 59, 'FS-FG01', 123, 0, 'FG-0003', 3000, 0, 0, 174000.00, 'In'),
  -- 2025-08
  (22081, '2025-08-05', 59, 'FS-FG01', 123, 0, 'FG-0001', 8000, 0, 0, 380000.00, 'In'),
  (22082, '2025-08-05', 59, 'FS-FG01', 123, 0, 'FG-0002', 5000, 0, 0, 200000.00, 'In'),
  (22083, '2025-08-05', 59, 'FS-FG01', 123, 0, 'FG-0003', 3000, 0, 0, 174000.00, 'In'),
  -- 2025-09 [LAST month for FG-0003 production]
  (22091, '2025-09-05', 59, 'FS-FG01', 123, 0, 'FG-0001', 8000, 0, 0, 380000.00, 'In'),
  (22092, '2025-09-05', 59, 'FS-FG01', 123, 0, 'FG-0002', 5000, 0, 0, 200000.00, 'In'),
  (22093, '2025-09-05', 59, 'FS-FG01', 123, 0, 'FG-0003', 3000, 0, 0, 174000.00, 'In'),
  -- 2025-10 (FG-0003 stops)
  (22101, '2025-10-05', 59, 'FS-FG01', 123, 0, 'FG-0001', 8000, 0, 0, 380000.00, 'In'),
  (22102, '2025-10-05', 59, 'FS-FG01', 123, 0, 'FG-0002', 5000, 0, 0, 200000.00, 'In'),
  -- 2025-11
  (22111, '2025-11-05', 59, 'FS-FG01', 123, 0, 'FG-0001', 8000, 0, 0, 380000.00, 'In'),
  (22112, '2025-11-05', 59, 'FS-FG01', 123, 0, 'FG-0002', 5000, 0, 0, 200000.00, 'In'),
  -- 2025-12
  (22121, '2025-12-05', 59, 'FS-FG01', 123, 0, 'FG-0001', 8000, 0, 0, 380000.00, 'In'),
  (22122, '2025-12-05', 59, 'FS-FG01', 123, 0, 'FG-0002', 5000, 0, 0, 200000.00, 'In'),
  -- 2026-01
  (22131, '2026-01-05', 59, 'FS-FG01', 123, 0, 'FG-0001', 8000, 0, 0, 380000.00, 'In'),
  (22132, '2026-01-05', 59, 'FS-FG01', 123, 0, 'FG-0002', 5000, 0, 0, 200000.00, 'In'),
  -- 2026-02
  (22141, '2026-02-05', 59, 'FS-FG01', 123, 0, 'FG-0001', 8000, 0, 0, 380000.00, 'In'),
  (22142, '2026-02-05', 59, 'FS-FG01', 123, 0, 'FG-0002', 5000, 0, 0, 200000.00, 'In'),
  -- 2026-03
  (22151, '2026-03-05', 59, 'FS-FG01', 123, 0, 'FG-0001', 8000, 0, 0, 380000.00, 'In'),
  (22152, '2026-03-05', 59, 'FS-FG01', 123, 0, 'FG-0002', 5000, 0, 0, 200000.00, 'In')
ON CONFLICT (trans_num, item_code, doc_line_num) DO NOTHING;

-- ─────────────────────────────────────────────────────────────────────────────
-- STEP 4: FG Delivery (trans_type=15, direction='Out')
-- FG-0001: 7800/mo  |  FG-0002: 4800/mo  |  FG-0003: 500/mo (stops Sep 2025)
-- Months 1-14 only (Mar 25 is future; last delivery = Feb 2026)
-- Trans# format: 23{month:02d}{item_index}
-- ─────────────────────────────────────────────────────────────────────────────
INSERT INTO inventory_transactions
  (trans_num, doc_date, trans_type, warehouse, group_code, doc_line_num,
   item_code, in_qty, out_qty, balance_qty, amount, direction)
VALUES
  -- 2025-01
  (23011, '2025-01-25', 15, 'FS-FG01', 123, 0, 'FG-0001', 0, 7800, 0, 370500.00, 'Out'),
  (23012, '2025-01-25', 15, 'FS-FG01', 123, 0, 'FG-0002', 0, 4800, 0, 192000.00, 'Out'),
  (23013, '2025-01-25', 15, 'FS-FG01', 123, 0, 'FG-0003', 0,  500, 0,  29000.00, 'Out'),
  -- 2025-02
  (23021, '2025-02-25', 15, 'FS-FG01', 123, 0, 'FG-0001', 0, 7800, 0, 370500.00, 'Out'),
  (23022, '2025-02-25', 15, 'FS-FG01', 123, 0, 'FG-0002', 0, 4800, 0, 192000.00, 'Out'),
  (23023, '2025-02-25', 15, 'FS-FG01', 123, 0, 'FG-0003', 0,  500, 0,  29000.00, 'Out'),
  -- 2025-03
  (23031, '2025-03-25', 15, 'FS-FG01', 123, 0, 'FG-0001', 0, 7800, 0, 370500.00, 'Out'),
  (23032, '2025-03-25', 15, 'FS-FG01', 123, 0, 'FG-0002', 0, 4800, 0, 192000.00, 'Out'),
  (23033, '2025-03-25', 15, 'FS-FG01', 123, 0, 'FG-0003', 0,  500, 0,  29000.00, 'Out'),
  -- 2025-04
  (23041, '2025-04-25', 15, 'FS-FG01', 123, 0, 'FG-0001', 0, 7800, 0, 370500.00, 'Out'),
  (23042, '2025-04-25', 15, 'FS-FG01', 123, 0, 'FG-0002', 0, 4800, 0, 192000.00, 'Out'),
  (23043, '2025-04-25', 15, 'FS-FG01', 123, 0, 'FG-0003', 0,  500, 0,  29000.00, 'Out'),
  -- 2025-05
  (23051, '2025-05-25', 15, 'FS-FG01', 123, 0, 'FG-0001', 0, 7800, 0, 370500.00, 'Out'),
  (23052, '2025-05-25', 15, 'FS-FG01', 123, 0, 'FG-0002', 0, 4800, 0, 192000.00, 'Out'),
  (23053, '2025-05-25', 15, 'FS-FG01', 123, 0, 'FG-0003', 0,  500, 0,  29000.00, 'Out'),
  -- 2025-06
  (23061, '2025-06-25', 15, 'FS-FG01', 123, 0, 'FG-0001', 0, 7800, 0, 370500.00, 'Out'),
  (23062, '2025-06-25', 15, 'FS-FG01', 123, 0, 'FG-0002', 0, 4800, 0, 192000.00, 'Out'),
  (23063, '2025-06-25', 15, 'FS-FG01', 123, 0, 'FG-0003', 0,  500, 0,  29000.00, 'Out'),
  -- 2025-07
  (23071, '2025-07-25', 15, 'FS-FG01', 123, 0, 'FG-0001', 0, 7800, 0, 370500.00, 'Out'),
  (23072, '2025-07-25', 15, 'FS-FG01', 123, 0, 'FG-0002', 0, 4800, 0, 192000.00, 'Out'),
  (23073, '2025-07-25', 15, 'FS-FG01', 123, 0, 'FG-0003', 0,  500, 0,  29000.00, 'Out'),
  -- 2025-08
  (23081, '2025-08-25', 15, 'FS-FG01', 123, 0, 'FG-0001', 0, 7800, 0, 370500.00, 'Out'),
  (23082, '2025-08-25', 15, 'FS-FG01', 123, 0, 'FG-0002', 0, 4800, 0, 192000.00, 'Out'),
  (23083, '2025-08-25', 15, 'FS-FG01', 123, 0, 'FG-0003', 0,  500, 0,  29000.00, 'Out'),
  -- 2025-09 [LAST month for FG-0003 delivery]
  (23091, '2025-09-25', 15, 'FS-FG01', 123, 0, 'FG-0001', 0, 7800, 0, 370500.00, 'Out'),
  (23092, '2025-09-25', 15, 'FS-FG01', 123, 0, 'FG-0002', 0, 4800, 0, 192000.00, 'Out'),
  (23093, '2025-09-25', 15, 'FS-FG01', 123, 0, 'FG-0003', 0,  500, 0,  29000.00, 'Out'),
  -- 2025-10 (FG-0003 stops)
  (23101, '2025-10-25', 15, 'FS-FG01', 123, 0, 'FG-0001', 0, 7800, 0, 370500.00, 'Out'),
  (23102, '2025-10-25', 15, 'FS-FG01', 123, 0, 'FG-0002', 0, 4800, 0, 192000.00, 'Out'),
  -- 2025-11
  (23111, '2025-11-25', 15, 'FS-FG01', 123, 0, 'FG-0001', 0, 7800, 0, 370500.00, 'Out'),
  (23112, '2025-11-25', 15, 'FS-FG01', 123, 0, 'FG-0002', 0, 4800, 0, 192000.00, 'Out'),
  -- 2025-12
  (23121, '2025-12-25', 15, 'FS-FG01', 123, 0, 'FG-0001', 0, 7800, 0, 370500.00, 'Out'),
  (23122, '2025-12-25', 15, 'FS-FG01', 123, 0, 'FG-0002', 0, 4800, 0, 192000.00, 'Out'),
  -- 2026-01
  (23131, '2026-01-25', 15, 'FS-FG01', 123, 0, 'FG-0001', 0, 7800, 0, 370500.00, 'Out'),
  (23132, '2026-01-25', 15, 'FS-FG01', 123, 0, 'FG-0002', 0, 4800, 0, 192000.00, 'Out'),
  -- 2026-02
  (23141, '2026-02-25', 15, 'FS-FG01', 123, 0, 'FG-0001', 0, 7800, 0, 370500.00, 'Out'),
  (23142, '2026-02-25', 15, 'FS-FG01', 123, 0, 'FG-0002', 0, 4800, 0, 192000.00, 'Out')
  -- 2026-03: SKIP (Mar 25 is still in the future)
ON CONFLICT (trans_num, item_code, doc_line_num) DO NOTHING;

-- ─────────────────────────────────────────────────────────────────────────────
-- STEP 5: Raw Materials — Goods Receipt PO (trans_type=20, direction='In')
-- Warehouse: FS-RM01  |  RM-1004 stops after Jun 2025
-- Trans# format: 20{month:02d}{item_index}
-- ─────────────────────────────────────────────────────────────────────────────
INSERT INTO inventory_transactions
  (trans_num, doc_date, trans_type, warehouse, group_code, doc_line_num,
   item_code, in_qty, out_qty, balance_qty, amount, direction)
VALUES
  -- 2025-01
  (20011, '2025-01-10', 20, 'FS-RM01', 125, 0, 'RM-1001', 15000, 0, 0, 202500.00, 'In'),
  (20012, '2025-01-10', 20, 'FS-RM01', 125, 0, 'RM-1002',  8000, 0, 0,  68000.00, 'In'),
  (20013, '2025-01-10', 20, 'FS-RM01', 125, 0, 'RM-1003',  5000, 0, 0, 115000.00, 'In'),
  (20014, '2025-01-10', 20, 'FS-RM01', 125, 0, 'RM-1004',  3000, 0, 0, 204000.00, 'In'),
  -- 2025-02
  (20021, '2025-02-10', 20, 'FS-RM01', 125, 0, 'RM-1001', 15000, 0, 0, 202500.00, 'In'),
  (20022, '2025-02-10', 20, 'FS-RM01', 125, 0, 'RM-1002',  8000, 0, 0,  68000.00, 'In'),
  (20023, '2025-02-10', 20, 'FS-RM01', 125, 0, 'RM-1003',  5000, 0, 0, 115000.00, 'In'),
  (20024, '2025-02-10', 20, 'FS-RM01', 125, 0, 'RM-1004',  3000, 0, 0, 204000.00, 'In'),
  -- 2025-03
  (20031, '2025-03-10', 20, 'FS-RM01', 125, 0, 'RM-1001', 15000, 0, 0, 202500.00, 'In'),
  (20032, '2025-03-10', 20, 'FS-RM01', 125, 0, 'RM-1002',  8000, 0, 0,  68000.00, 'In'),
  (20033, '2025-03-10', 20, 'FS-RM01', 125, 0, 'RM-1003',  5000, 0, 0, 115000.00, 'In'),
  (20034, '2025-03-10', 20, 'FS-RM01', 125, 0, 'RM-1004',  3000, 0, 0, 204000.00, 'In'),
  -- 2025-04
  (20041, '2025-04-10', 20, 'FS-RM01', 125, 0, 'RM-1001', 15000, 0, 0, 202500.00, 'In'),
  (20042, '2025-04-10', 20, 'FS-RM01', 125, 0, 'RM-1002',  8000, 0, 0,  68000.00, 'In'),
  (20043, '2025-04-10', 20, 'FS-RM01', 125, 0, 'RM-1003',  5000, 0, 0, 115000.00, 'In'),
  (20044, '2025-04-10', 20, 'FS-RM01', 125, 0, 'RM-1004',  3000, 0, 0, 204000.00, 'In'),
  -- 2025-05
  (20051, '2025-05-10', 20, 'FS-RM01', 125, 0, 'RM-1001', 15000, 0, 0, 202500.00, 'In'),
  (20052, '2025-05-10', 20, 'FS-RM01', 125, 0, 'RM-1002',  8000, 0, 0,  68000.00, 'In'),
  (20053, '2025-05-10', 20, 'FS-RM01', 125, 0, 'RM-1003',  5000, 0, 0, 115000.00, 'In'),
  (20054, '2025-05-10', 20, 'FS-RM01', 125, 0, 'RM-1004',  3000, 0, 0, 204000.00, 'In'),
  -- 2025-06 [LAST month for RM-1004 receipt]
  (20061, '2025-06-10', 20, 'FS-RM01', 125, 0, 'RM-1001', 15000, 0, 0, 202500.00, 'In'),
  (20062, '2025-06-10', 20, 'FS-RM01', 125, 0, 'RM-1002',  8000, 0, 0,  68000.00, 'In'),
  (20063, '2025-06-10', 20, 'FS-RM01', 125, 0, 'RM-1003',  5000, 0, 0, 115000.00, 'In'),
  (20064, '2025-06-10', 20, 'FS-RM01', 125, 0, 'RM-1004',  3000, 0, 0, 204000.00, 'In'),
  -- 2025-07 (RM-1004 stops)
  (20071, '2025-07-10', 20, 'FS-RM01', 125, 0, 'RM-1001', 15000, 0, 0, 202500.00, 'In'),
  (20072, '2025-07-10', 20, 'FS-RM01', 125, 0, 'RM-1002',  8000, 0, 0,  68000.00, 'In'),
  (20073, '2025-07-10', 20, 'FS-RM01', 125, 0, 'RM-1003',  5000, 0, 0, 115000.00, 'In'),
  -- 2025-08
  (20081, '2025-08-10', 20, 'FS-RM01', 125, 0, 'RM-1001', 15000, 0, 0, 202500.00, 'In'),
  (20082, '2025-08-10', 20, 'FS-RM01', 125, 0, 'RM-1002',  8000, 0, 0,  68000.00, 'In'),
  (20083, '2025-08-10', 20, 'FS-RM01', 125, 0, 'RM-1003',  5000, 0, 0, 115000.00, 'In'),
  -- 2025-09
  (20091, '2025-09-10', 20, 'FS-RM01', 125, 0, 'RM-1001', 15000, 0, 0, 202500.00, 'In'),
  (20092, '2025-09-10', 20, 'FS-RM01', 125, 0, 'RM-1002',  8000, 0, 0,  68000.00, 'In'),
  (20093, '2025-09-10', 20, 'FS-RM01', 125, 0, 'RM-1003',  5000, 0, 0, 115000.00, 'In'),
  -- 2025-10
  (20101, '2025-10-10', 20, 'FS-RM01', 125, 0, 'RM-1001', 15000, 0, 0, 202500.00, 'In'),
  (20102, '2025-10-10', 20, 'FS-RM01', 125, 0, 'RM-1002',  8000, 0, 0,  68000.00, 'In'),
  (20103, '2025-10-10', 20, 'FS-RM01', 125, 0, 'RM-1003',  5000, 0, 0, 115000.00, 'In'),
  -- 2025-11
  (20111, '2025-11-10', 20, 'FS-RM01', 125, 0, 'RM-1001', 15000, 0, 0, 202500.00, 'In'),
  (20112, '2025-11-10', 20, 'FS-RM01', 125, 0, 'RM-1002',  8000, 0, 0,  68000.00, 'In'),
  (20113, '2025-11-10', 20, 'FS-RM01', 125, 0, 'RM-1003',  5000, 0, 0, 115000.00, 'In'),
  -- 2025-12
  (20121, '2025-12-10', 20, 'FS-RM01', 125, 0, 'RM-1001', 15000, 0, 0, 202500.00, 'In'),
  (20122, '2025-12-10', 20, 'FS-RM01', 125, 0, 'RM-1002',  8000, 0, 0,  68000.00, 'In'),
  (20123, '2025-12-10', 20, 'FS-RM01', 125, 0, 'RM-1003',  5000, 0, 0, 115000.00, 'In'),
  -- 2026-01
  (20131, '2026-01-10', 20, 'FS-RM01', 125, 0, 'RM-1001', 15000, 0, 0, 202500.00, 'In'),
  (20132, '2026-01-10', 20, 'FS-RM01', 125, 0, 'RM-1002',  8000, 0, 0,  68000.00, 'In'),
  (20133, '2026-01-10', 20, 'FS-RM01', 125, 0, 'RM-1003',  5000, 0, 0, 115000.00, 'In'),
  -- 2026-02
  (20141, '2026-02-10', 20, 'FS-RM01', 125, 0, 'RM-1001', 15000, 0, 0, 202500.00, 'In'),
  (20142, '2026-02-10', 20, 'FS-RM01', 125, 0, 'RM-1002',  8000, 0, 0,  68000.00, 'In'),
  (20143, '2026-02-10', 20, 'FS-RM01', 125, 0, 'RM-1003',  5000, 0, 0, 115000.00, 'In'),
  -- 2026-03
  (20151, '2026-03-10', 20, 'FS-RM01', 125, 0, 'RM-1001', 15000, 0, 0, 202500.00, 'In'),
  (20152, '2026-03-10', 20, 'FS-RM01', 125, 0, 'RM-1002',  8000, 0, 0,  68000.00, 'In'),
  (20153, '2026-03-10', 20, 'FS-RM01', 125, 0, 'RM-1003',  5000, 0, 0, 115000.00, 'In')
ON CONFLICT (trans_num, item_code, doc_line_num) DO NOTHING;

-- ─────────────────────────────────────────────────────────────────────────────
-- STEP 6: Raw Materials — Goods Issue to Production (trans_type=60, direction='Out')
-- RM-1004 stops after Jun 2025
-- Trans# format: 21{month:02d}{item_index}
-- ─────────────────────────────────────────────────────────────────────────────
INSERT INTO inventory_transactions
  (trans_num, doc_date, trans_type, warehouse, group_code, doc_line_num,
   item_code, in_qty, out_qty, balance_qty, amount, direction)
VALUES
  -- 2025-01
  (21011, '2025-01-20', 60, 'FS-RM01', 125, 0, 'RM-1001', 0, 14000, 0, 189000.00, 'Out'),
  (21012, '2025-01-20', 60, 'FS-RM01', 125, 0, 'RM-1002', 0,  7500, 0,  63750.00, 'Out'),
  (21013, '2025-01-20', 60, 'FS-RM01', 125, 0, 'RM-1003', 0,  4800, 0, 110400.00, 'Out'),
  (21014, '2025-01-20', 60, 'FS-RM01', 125, 0, 'RM-1004', 0,  2800, 0, 190400.00, 'Out'),
  -- 2025-02
  (21021, '2025-02-20', 60, 'FS-RM01', 125, 0, 'RM-1001', 0, 14000, 0, 189000.00, 'Out'),
  (21022, '2025-02-20', 60, 'FS-RM01', 125, 0, 'RM-1002', 0,  7500, 0,  63750.00, 'Out'),
  (21023, '2025-02-20', 60, 'FS-RM01', 125, 0, 'RM-1003', 0,  4800, 0, 110400.00, 'Out'),
  (21024, '2025-02-20', 60, 'FS-RM01', 125, 0, 'RM-1004', 0,  2800, 0, 190400.00, 'Out'),
  -- 2025-03
  (21031, '2025-03-20', 60, 'FS-RM01', 125, 0, 'RM-1001', 0, 14000, 0, 189000.00, 'Out'),
  (21032, '2025-03-20', 60, 'FS-RM01', 125, 0, 'RM-1002', 0,  7500, 0,  63750.00, 'Out'),
  (21033, '2025-03-20', 60, 'FS-RM01', 125, 0, 'RM-1003', 0,  4800, 0, 110400.00, 'Out'),
  (21034, '2025-03-20', 60, 'FS-RM01', 125, 0, 'RM-1004', 0,  2800, 0, 190400.00, 'Out'),
  -- 2025-04
  (21041, '2025-04-20', 60, 'FS-RM01', 125, 0, 'RM-1001', 0, 14000, 0, 189000.00, 'Out'),
  (21042, '2025-04-20', 60, 'FS-RM01', 125, 0, 'RM-1002', 0,  7500, 0,  63750.00, 'Out'),
  (21043, '2025-04-20', 60, 'FS-RM01', 125, 0, 'RM-1003', 0,  4800, 0, 110400.00, 'Out'),
  (21044, '2025-04-20', 60, 'FS-RM01', 125, 0, 'RM-1004', 0,  2800, 0, 190400.00, 'Out'),
  -- 2025-05
  (21051, '2025-05-20', 60, 'FS-RM01', 125, 0, 'RM-1001', 0, 14000, 0, 189000.00, 'Out'),
  (21052, '2025-05-20', 60, 'FS-RM01', 125, 0, 'RM-1002', 0,  7500, 0,  63750.00, 'Out'),
  (21053, '2025-05-20', 60, 'FS-RM01', 125, 0, 'RM-1003', 0,  4800, 0, 110400.00, 'Out'),
  (21054, '2025-05-20', 60, 'FS-RM01', 125, 0, 'RM-1004', 0,  2800, 0, 190400.00, 'Out'),
  -- 2025-06 [LAST month for RM-1004 issue]
  (21061, '2025-06-20', 60, 'FS-RM01', 125, 0, 'RM-1001', 0, 14000, 0, 189000.00, 'Out'),
  (21062, '2025-06-20', 60, 'FS-RM01', 125, 0, 'RM-1002', 0,  7500, 0,  63750.00, 'Out'),
  (21063, '2025-06-20', 60, 'FS-RM01', 125, 0, 'RM-1003', 0,  4800, 0, 110400.00, 'Out'),
  (21064, '2025-06-20', 60, 'FS-RM01', 125, 0, 'RM-1004', 0,  2800, 0, 190400.00, 'Out'),
  -- 2025-07 (RM-1004 stops)
  (21071, '2025-07-20', 60, 'FS-RM01', 125, 0, 'RM-1001', 0, 14000, 0, 189000.00, 'Out'),
  (21072, '2025-07-20', 60, 'FS-RM01', 125, 0, 'RM-1002', 0,  7500, 0,  63750.00, 'Out'),
  (21073, '2025-07-20', 60, 'FS-RM01', 125, 0, 'RM-1003', 0,  4800, 0, 110400.00, 'Out'),
  -- 2025-08
  (21081, '2025-08-20', 60, 'FS-RM01', 125, 0, 'RM-1001', 0, 14000, 0, 189000.00, 'Out'),
  (21082, '2025-08-20', 60, 'FS-RM01', 125, 0, 'RM-1002', 0,  7500, 0,  63750.00, 'Out'),
  (21083, '2025-08-20', 60, 'FS-RM01', 125, 0, 'RM-1003', 0,  4800, 0, 110400.00, 'Out'),
  -- 2025-09
  (21091, '2025-09-20', 60, 'FS-RM01', 125, 0, 'RM-1001', 0, 14000, 0, 189000.00, 'Out'),
  (21092, '2025-09-20', 60, 'FS-RM01', 125, 0, 'RM-1002', 0,  7500, 0,  63750.00, 'Out'),
  (21093, '2025-09-20', 60, 'FS-RM01', 125, 0, 'RM-1003', 0,  4800, 0, 110400.00, 'Out'),
  -- 2025-10
  (21101, '2025-10-20', 60, 'FS-RM01', 125, 0, 'RM-1001', 0, 14000, 0, 189000.00, 'Out'),
  (21102, '2025-10-20', 60, 'FS-RM01', 125, 0, 'RM-1002', 0,  7500, 0,  63750.00, 'Out'),
  (21103, '2025-10-20', 60, 'FS-RM01', 125, 0, 'RM-1003', 0,  4800, 0, 110400.00, 'Out'),
  -- 2025-11
  (21111, '2025-11-20', 60, 'FS-RM01', 125, 0, 'RM-1001', 0, 14000, 0, 189000.00, 'Out'),
  (21112, '2025-11-20', 60, 'FS-RM01', 125, 0, 'RM-1002', 0,  7500, 0,  63750.00, 'Out'),
  (21113, '2025-11-20', 60, 'FS-RM01', 125, 0, 'RM-1003', 0,  4800, 0, 110400.00, 'Out'),
  -- 2025-12
  (21121, '2025-12-20', 60, 'FS-RM01', 125, 0, 'RM-1001', 0, 14000, 0, 189000.00, 'Out'),
  (21122, '2025-12-20', 60, 'FS-RM01', 125, 0, 'RM-1002', 0,  7500, 0,  63750.00, 'Out'),
  (21123, '2025-12-20', 60, 'FS-RM01', 125, 0, 'RM-1003', 0,  4800, 0, 110400.00, 'Out'),
  -- 2026-01
  (21131, '2026-01-20', 60, 'FS-RM01', 125, 0, 'RM-1001', 0, 14000, 0, 189000.00, 'Out'),
  (21132, '2026-01-20', 60, 'FS-RM01', 125, 0, 'RM-1002', 0,  7500, 0,  63750.00, 'Out'),
  (21133, '2026-01-20', 60, 'FS-RM01', 125, 0, 'RM-1003', 0,  4800, 0, 110400.00, 'Out'),
  -- 2026-02
  (21141, '2026-02-20', 60, 'FS-RM01', 125, 0, 'RM-1001', 0, 14000, 0, 189000.00, 'Out'),
  (21142, '2026-02-20', 60, 'FS-RM01', 125, 0, 'RM-1002', 0,  7500, 0,  63750.00, 'Out'),
  (21143, '2026-02-20', 60, 'FS-RM01', 125, 0, 'RM-1003', 0,  4800, 0, 110400.00, 'Out'),
  -- 2026-03
  (21151, '2026-03-20', 60, 'FS-RM01', 125, 0, 'RM-1001', 0, 14000, 0, 189000.00, 'Out'),
  (21152, '2026-03-20', 60, 'FS-RM01', 125, 0, 'RM-1002', 0,  7500, 0,  63750.00, 'Out'),
  (21153, '2026-03-20', 60, 'FS-RM01', 125, 0, 'RM-1003', 0,  4800, 0, 110400.00, 'Out')
ON CONFLICT (trans_num, item_code, doc_line_num) DO NOTHING;

-- ─────────────────────────────────────────────────────────────────────────────
-- STEP 7: Packaging — Goods Receipt PO (trans_type=20, direction='In')
-- Warehouse: FS-PK01  |  PKG-003 stops after Aug 2025
-- Trans# format: 24{month:02d}{item_index}
-- ─────────────────────────────────────────────────────────────────────────────
INSERT INTO inventory_transactions
  (trans_num, doc_date, trans_type, warehouse, group_code, doc_line_num,
   item_code, in_qty, out_qty, balance_qty, amount, direction)
VALUES
  -- 2025-01
  (24011, '2025-01-08', 20, 'FS-PK01', 127, 0, 'PKG-001', 50000, 0, 0, 190000.00, 'In'),
  (24012, '2025-01-08', 20, 'FS-PK01', 127, 0, 'PKG-002', 30000, 0, 0, 210000.00, 'In'),
  (24013, '2025-01-08', 20, 'FS-PK01', 127, 0, 'PKG-003',  3000, 0, 0,  57000.00, 'In'),
  -- 2025-02
  (24021, '2025-02-08', 20, 'FS-PK01', 127, 0, 'PKG-001', 50000, 0, 0, 190000.00, 'In'),
  (24022, '2025-02-08', 20, 'FS-PK01', 127, 0, 'PKG-002', 30000, 0, 0, 210000.00, 'In'),
  (24023, '2025-02-08', 20, 'FS-PK01', 127, 0, 'PKG-003',  3000, 0, 0,  57000.00, 'In'),
  -- 2025-03
  (24031, '2025-03-08', 20, 'FS-PK01', 127, 0, 'PKG-001', 50000, 0, 0, 190000.00, 'In'),
  (24032, '2025-03-08', 20, 'FS-PK01', 127, 0, 'PKG-002', 30000, 0, 0, 210000.00, 'In'),
  (24033, '2025-03-08', 20, 'FS-PK01', 127, 0, 'PKG-003',  3000, 0, 0,  57000.00, 'In'),
  -- 2025-04
  (24041, '2025-04-08', 20, 'FS-PK01', 127, 0, 'PKG-001', 50000, 0, 0, 190000.00, 'In'),
  (24042, '2025-04-08', 20, 'FS-PK01', 127, 0, 'PKG-002', 30000, 0, 0, 210000.00, 'In'),
  (24043, '2025-04-08', 20, 'FS-PK01', 127, 0, 'PKG-003',  3000, 0, 0,  57000.00, 'In'),
  -- 2025-05
  (24051, '2025-05-08', 20, 'FS-PK01', 127, 0, 'PKG-001', 50000, 0, 0, 190000.00, 'In'),
  (24052, '2025-05-08', 20, 'FS-PK01', 127, 0, 'PKG-002', 30000, 0, 0, 210000.00, 'In'),
  (24053, '2025-05-08', 20, 'FS-PK01', 127, 0, 'PKG-003',  3000, 0, 0,  57000.00, 'In'),
  -- 2025-06
  (24061, '2025-06-08', 20, 'FS-PK01', 127, 0, 'PKG-001', 50000, 0, 0, 190000.00, 'In'),
  (24062, '2025-06-08', 20, 'FS-PK01', 127, 0, 'PKG-002', 30000, 0, 0, 210000.00, 'In'),
  (24063, '2025-06-08', 20, 'FS-PK01', 127, 0, 'PKG-003',  3000, 0, 0,  57000.00, 'In'),
  -- 2025-07
  (24071, '2025-07-08', 20, 'FS-PK01', 127, 0, 'PKG-001', 50000, 0, 0, 190000.00, 'In'),
  (24072, '2025-07-08', 20, 'FS-PK01', 127, 0, 'PKG-002', 30000, 0, 0, 210000.00, 'In'),
  (24073, '2025-07-08', 20, 'FS-PK01', 127, 0, 'PKG-003',  3000, 0, 0,  57000.00, 'In'),
  -- 2025-08 [LAST month for PKG-003 receipt]
  (24081, '2025-08-08', 20, 'FS-PK01', 127, 0, 'PKG-001', 50000, 0, 0, 190000.00, 'In'),
  (24082, '2025-08-08', 20, 'FS-PK01', 127, 0, 'PKG-002', 30000, 0, 0, 210000.00, 'In'),
  (24083, '2025-08-08', 20, 'FS-PK01', 127, 0, 'PKG-003',  3000, 0, 0,  57000.00, 'In'),
  -- 2025-09 (PKG-003 stops)
  (24091, '2025-09-08', 20, 'FS-PK01', 127, 0, 'PKG-001', 50000, 0, 0, 190000.00, 'In'),
  (24092, '2025-09-08', 20, 'FS-PK01', 127, 0, 'PKG-002', 30000, 0, 0, 210000.00, 'In'),
  -- 2025-10
  (24101, '2025-10-08', 20, 'FS-PK01', 127, 0, 'PKG-001', 50000, 0, 0, 190000.00, 'In'),
  (24102, '2025-10-08', 20, 'FS-PK01', 127, 0, 'PKG-002', 30000, 0, 0, 210000.00, 'In'),
  -- 2025-11
  (24111, '2025-11-08', 20, 'FS-PK01', 127, 0, 'PKG-001', 50000, 0, 0, 190000.00, 'In'),
  (24112, '2025-11-08', 20, 'FS-PK01', 127, 0, 'PKG-002', 30000, 0, 0, 210000.00, 'In'),
  -- 2025-12
  (24121, '2025-12-08', 20, 'FS-PK01', 127, 0, 'PKG-001', 50000, 0, 0, 190000.00, 'In'),
  (24122, '2025-12-08', 20, 'FS-PK01', 127, 0, 'PKG-002', 30000, 0, 0, 210000.00, 'In'),
  -- 2026-01
  (24131, '2026-01-08', 20, 'FS-PK01', 127, 0, 'PKG-001', 50000, 0, 0, 190000.00, 'In'),
  (24132, '2026-01-08', 20, 'FS-PK01', 127, 0, 'PKG-002', 30000, 0, 0, 210000.00, 'In'),
  -- 2026-02
  (24141, '2026-02-08', 20, 'FS-PK01', 127, 0, 'PKG-001', 50000, 0, 0, 190000.00, 'In'),
  (24142, '2026-02-08', 20, 'FS-PK01', 127, 0, 'PKG-002', 30000, 0, 0, 210000.00, 'In'),
  -- 2026-03
  (24151, '2026-03-08', 20, 'FS-PK01', 127, 0, 'PKG-001', 50000, 0, 0, 190000.00, 'In'),
  (24152, '2026-03-08', 20, 'FS-PK01', 127, 0, 'PKG-002', 30000, 0, 0, 210000.00, 'In')
ON CONFLICT (trans_num, item_code, doc_line_num) DO NOTHING;

-- ─────────────────────────────────────────────────────────────────────────────
-- STEP 8: Packaging — Goods Issue to Production (trans_type=60, direction='Out')
-- PKG-003 stops after Aug 2025
-- Trans# format: 25{month:02d}{item_index}
-- ─────────────────────────────────────────────────────────────────────────────
INSERT INTO inventory_transactions
  (trans_num, doc_date, trans_type, warehouse, group_code, doc_line_num,
   item_code, in_qty, out_qty, balance_qty, amount, direction)
VALUES
  -- 2025-01
  (25011, '2025-01-22', 60, 'FS-PK01', 127, 0, 'PKG-001', 0, 48000, 0, 182400.00, 'Out'),
  (25012, '2025-01-22', 60, 'FS-PK01', 127, 0, 'PKG-002', 0, 28000, 0, 196000.00, 'Out'),
  (25013, '2025-01-22', 60, 'FS-PK01', 127, 0, 'PKG-003', 0,  2900, 0,  55100.00, 'Out'),
  -- 2025-02
  (25021, '2025-02-22', 60, 'FS-PK01', 127, 0, 'PKG-001', 0, 48000, 0, 182400.00, 'Out'),
  (25022, '2025-02-22', 60, 'FS-PK01', 127, 0, 'PKG-002', 0, 28000, 0, 196000.00, 'Out'),
  (25023, '2025-02-22', 60, 'FS-PK01', 127, 0, 'PKG-003', 0,  2900, 0,  55100.00, 'Out'),
  -- 2025-03
  (25031, '2025-03-22', 60, 'FS-PK01', 127, 0, 'PKG-001', 0, 48000, 0, 182400.00, 'Out'),
  (25032, '2025-03-22', 60, 'FS-PK01', 127, 0, 'PKG-002', 0, 28000, 0, 196000.00, 'Out'),
  (25033, '2025-03-22', 60, 'FS-PK01', 127, 0, 'PKG-003', 0,  2900, 0,  55100.00, 'Out'),
  -- 2025-04
  (25041, '2025-04-22', 60, 'FS-PK01', 127, 0, 'PKG-001', 0, 48000, 0, 182400.00, 'Out'),
  (25042, '2025-04-22', 60, 'FS-PK01', 127, 0, 'PKG-002', 0, 28000, 0, 196000.00, 'Out'),
  (25043, '2025-04-22', 60, 'FS-PK01', 127, 0, 'PKG-003', 0,  2900, 0,  55100.00, 'Out'),
  -- 2025-05
  (25051, '2025-05-22', 60, 'FS-PK01', 127, 0, 'PKG-001', 0, 48000, 0, 182400.00, 'Out'),
  (25052, '2025-05-22', 60, 'FS-PK01', 127, 0, 'PKG-002', 0, 28000, 0, 196000.00, 'Out'),
  (25053, '2025-05-22', 60, 'FS-PK01', 127, 0, 'PKG-003', 0,  2900, 0,  55100.00, 'Out'),
  -- 2025-06
  (25061, '2025-06-22', 60, 'FS-PK01', 127, 0, 'PKG-001', 0, 48000, 0, 182400.00, 'Out'),
  (25062, '2025-06-22', 60, 'FS-PK01', 127, 0, 'PKG-002', 0, 28000, 0, 196000.00, 'Out'),
  (25063, '2025-06-22', 60, 'FS-PK01', 127, 0, 'PKG-003', 0,  2900, 0,  55100.00, 'Out'),
  -- 2025-07
  (25071, '2025-07-22', 60, 'FS-PK01', 127, 0, 'PKG-001', 0, 48000, 0, 182400.00, 'Out'),
  (25072, '2025-07-22', 60, 'FS-PK01', 127, 0, 'PKG-002', 0, 28000, 0, 196000.00, 'Out'),
  (25073, '2025-07-22', 60, 'FS-PK01', 127, 0, 'PKG-003', 0,  2900, 0,  55100.00, 'Out'),
  -- 2025-08 [LAST month for PKG-003 issue]
  (25081, '2025-08-22', 60, 'FS-PK01', 127, 0, 'PKG-001', 0, 48000, 0, 182400.00, 'Out'),
  (25082, '2025-08-22', 60, 'FS-PK01', 127, 0, 'PKG-002', 0, 28000, 0, 196000.00, 'Out'),
  (25083, '2025-08-22', 60, 'FS-PK01', 127, 0, 'PKG-003', 0,  2900, 0,  55100.00, 'Out'),
  -- 2025-09 (PKG-003 stops)
  (25091, '2025-09-22', 60, 'FS-PK01', 127, 0, 'PKG-001', 0, 48000, 0, 182400.00, 'Out'),
  (25092, '2025-09-22', 60, 'FS-PK01', 127, 0, 'PKG-002', 0, 28000, 0, 196000.00, 'Out'),
  -- 2025-10
  (25101, '2025-10-22', 60, 'FS-PK01', 127, 0, 'PKG-001', 0, 48000, 0, 182400.00, 'Out'),
  (25102, '2025-10-22', 60, 'FS-PK01', 127, 0, 'PKG-002', 0, 28000, 0, 196000.00, 'Out'),
  -- 2025-11
  (25111, '2025-11-22', 60, 'FS-PK01', 127, 0, 'PKG-001', 0, 48000, 0, 182400.00, 'Out'),
  (25112, '2025-11-22', 60, 'FS-PK01', 127, 0, 'PKG-002', 0, 28000, 0, 196000.00, 'Out'),
  -- 2025-12
  (25121, '2025-12-22', 60, 'FS-PK01', 127, 0, 'PKG-001', 0, 48000, 0, 182400.00, 'Out'),
  (25122, '2025-12-22', 60, 'FS-PK01', 127, 0, 'PKG-002', 0, 28000, 0, 196000.00, 'Out'),
  -- 2026-01
  (25131, '2026-01-22', 60, 'FS-PK01', 127, 0, 'PKG-001', 0, 48000, 0, 182400.00, 'Out'),
  (25132, '2026-01-22', 60, 'FS-PK01', 127, 0, 'PKG-002', 0, 28000, 0, 196000.00, 'Out'),
  -- 2026-02
  (25141, '2026-02-22', 60, 'FS-PK01', 127, 0, 'PKG-001', 0, 48000, 0, 182400.00, 'Out'),
  (25142, '2026-02-22', 60, 'FS-PK01', 127, 0, 'PKG-002', 0, 28000, 0, 196000.00, 'Out'),
  -- 2026-03
  (25151, '2026-03-22', 60, 'FS-PK01', 127, 0, 'PKG-001', 0, 48000, 0, 182400.00, 'Out'),
  (25152, '2026-03-22', 60, 'FS-PK01', 127, 0, 'PKG-002', 0, 28000, 0, 196000.00, 'Out')
ON CONFLICT (trans_num, item_code, doc_line_num) DO NOTHING;

-- ─────────────────────────────────────────────────────────────────────────────
-- STEP 9: Stock Thresholds (min / reorder / max)
-- Expected alert statuses:
--   FG-0001 → WARNING  (stock 15,800 < reorder 20,000)
--   FG-0002 → NORMAL   (stock  7,800 > reorder  6,000)
--   FG-0003 → OVERSTOCK(stock 24,500 > max      15,000)
--   RM-1001 → NORMAL   (stock 65,000)
--   RM-1002 → NORMAL   (stock 27,500)
--   RM-1003 → NORMAL   (stock 18,000)
--   RM-1004 → WARNING  (stock  6,200 < reorder  8,000)
--   PKG-001 → NORMAL   (stock 132,000)
--   PKG-002 → NORMAL   (stock  82,000)
--   PKG-003 → CRITICAL (stock 10,800 < min     12,000)
-- ─────────────────────────────────────────────────────────────────────────────
INSERT INTO stock_thresholds (item_code, warehouse, min_level, reorder_point, max_level)
VALUES
  ('FG-0001', 'FS-FG01',  10000, 20000,  60000),
  ('FG-0002', 'FS-FG01',   3000,  6000,  40000),
  ('FG-0003', 'FS-FG01',   2000,  5000,  15000),
  ('RM-1001', 'FS-RM01',  15000, 30000, 120000),
  ('RM-1002', 'FS-RM01',   5000, 12000,  60000),
  ('RM-1003', 'FS-RM01',   3000,  8000,  40000),
  ('RM-1004', 'FS-RM01',   4000,  8000,  25000),
  ('PKG-001', 'FS-PK01',  20000, 60000, 250000),
  ('PKG-002', 'FS-PK01',  10000, 35000, 150000),
  ('PKG-003', 'FS-PK01',  12000, 20000,  80000)
ON CONFLICT (item_code, warehouse) DO UPDATE SET
  min_level     = EXCLUDED.min_level,
  reorder_point = EXCLUDED.reorder_point,
  max_level     = EXCLUDED.max_level,
  updated_at    = NOW();

-- ─────────────────────────────────────────────────────────────────────────────
-- STEP 10: Suppliers
-- ─────────────────────────────────────────────────────────────────────────────
INSERT INTO suppliers (supplier_code, supplier_name, country, default_lead_days, contact_name, contact_email, is_active)
VALUES
  ('SUP-TH-001', 'Thai Marine Foods Co., Ltd.',       'Thailand', 7,  'คุณสมชาย ทะเลไทย',  'somchai@thaim.co.th',    TRUE),
  ('SUP-TH-002', 'SiamSpice Products Co., Ltd.',      'Thailand', 14, 'คุณวิภา พริกสยาม',   'wipa@siamspice.co.th',   TRUE),
  ('SUP-CN-001', 'Jiangsu Packaging International',   'China',    45, 'Mr. Wang Lei',        'wanglei@jspkg.com',      TRUE)
ON CONFLICT (supplier_code) DO UPDATE SET
  supplier_name     = EXCLUDED.supplier_name,
  country           = EXCLUDED.country,
  default_lead_days = EXCLUDED.default_lead_days,
  contact_name      = EXCLUDED.contact_name,
  contact_email     = EXCLUDED.contact_email,
  is_active         = EXCLUDED.is_active,
  updated_at        = NOW();

-- ─────────────────────────────────────────────────────────────────────────────
-- STEP 11: Purchase Orders + Lines (Goods in Transit)
-- ─────────────────────────────────────────────────────────────────────────────

-- PO-1: Packaging from China (customs clearance, arriving Mar 30)
INSERT INTO purchase_orders (po_number, supplier_code, order_date, expected_arrival, status, shipping_method, tracking_number, notes)
VALUES
  ('PO-2026-001', 'SUP-CN-001', '2026-01-20', '2026-03-30', 'customs', 'Sea', 'MSC-TH789456', 'Packaging restock Q1/2026'),
  ('PO-2026-002', 'SUP-TH-001', '2026-03-01', '2026-03-28', 'confirmed', 'Land', NULL,          'RM-1001 urgent restock'),
  ('PO-2026-003', 'SUP-TH-002', '2026-03-05', '2026-04-10', 'in_transit', 'Land', 'TRK-TH9921', 'Dried chili Q2/2026')
ON CONFLICT (po_number) DO UPDATE SET
  status          = EXCLUDED.status,
  tracking_number = EXCLUDED.tracking_number,
  updated_at      = NOW();

-- PO Lines
INSERT INTO purchase_order_lines (po_number, item_code, warehouse, ordered_qty, received_qty, unit_price, status)
VALUES
  -- PO-2026-001: Packaging (PKG-001 & PKG-002 in transit from China)
  ('PO-2026-001', 'PKG-001', 'FS-PK01', 200000, 0,  3.50, 'pending'),
  ('PO-2026-001', 'PKG-002', 'FS-PK01', 100000, 0,  6.50, 'pending'),
  -- PO-2026-002: Raw Material (RM-1001 from local supplier)
  ('PO-2026-002', 'RM-1001', 'FS-RM01',  30000, 0, 12.00, 'pending'),
  -- PO-2026-003: Dried Chili (RM-1004 inbound)
  ('PO-2026-003', 'RM-1004', 'FS-RM01',  10000, 0, 65.00, 'pending')
ON CONFLICT (po_number, item_code, warehouse) DO UPDATE SET
  ordered_qty  = EXCLUDED.ordered_qty,
  received_qty = EXCLUDED.received_qty,
  unit_price   = EXCLUDED.unit_price,
  status       = EXCLUDED.status;

-- ─────────────────────────────────────────────────────────────────────────────
-- STEP 12: Import Log (audit trail)
-- ─────────────────────────────────────────────────────────────────────────────
INSERT INTO import_logs (file_name, imported_at, items_count, transactions_count, status)
VALUES
  ('seed_sample_data.sql', NOW(), 10, 264, 'success');

-- ─────────────────────────────────────────────────────────────────────────────
-- VERIFICATION QUERIES
-- Run these after seeding to confirm data is correct
-- ─────────────────────────────────────────────────────────────────────────────

-- 1. Current stock on hand per item
-- SELECT item_code, itemname, warehouse, current_stock, uom, stock_value FROM v_stock_onhand ORDER BY group_code, item_code;

-- 2. Stock alerts (critical/warning/overstock)
-- SELECT item_code, itemname, warehouse, current_stock, min_level, reorder_point, max_level, status FROM v_stock_alerts ORDER BY status;

-- 3. ABC analysis
-- SELECT item_code, itemname, abc_class, total_out_value, cumulative_pct FROM v_abc_analysis ORDER BY rank;

-- 4. Slow moving items
-- SELECT item_code, itemname, current_stock, last_out_date, days_since_last_out, status FROM v_slow_moving ORDER BY days_since_last_out DESC NULLS FIRST;

-- 5. Goods in transit
-- SELECT po_number, item_code, itemname, pending_qty, days_until_arrival, arrival_status FROM v_goods_in_transit ORDER BY days_until_arrival;

-- 6. Monthly movement
-- SELECT month, item_code, total_in, total_out FROM v_movement_monthly ORDER BY month DESC, item_code;
